source_dataset,video,exercise,rep_start,rep_end,form_label,mistake_type,confidence,split
captured,bench_press_bench_press_002,bench_press,19,45,0,wide open elbow,0.85,train
captured,bench_press_bench_press_002,bench_press,45,80,0,wide open elbow,0.85,train
captured,bench_press_bench_press_002,bench_press,103,148,0,wide open elbow,0.85,train
captured,bench_press_bench_press_002,bench_press,148,174,0,wide open elbow,0.85,train
captured,bench_press_bench_press_002,bench_press,195,234,0,wide open elbow,0.85,train
captured,bench_press_bench_press_002,bench_press,234,266,1,,0.85,train
captured,bench_press_bench_press_002,bench_press,293,333,1,,0.85,train
captured,bench_press_bench_press_002,bench_press,383,415,1,,0.85,train
captured,bench_press_bench_press_002,bench_press,415,455,1,,0.85,train
captured,bench_press_bench_press_002,bench_press,462,508,1,,0.85,train
captured,bench_press_bench_press_002,bench_press,548,620,1,,0.85,train
captured,bench_press_bench_press_002,bench_press,640,683,1,,0.85,train
captured,bench_press_bench_press_002,bench_press,683,709,1,,0.85,train
captured,bench_press_bench_press_003,bench_press,40,121,0,wide open elbow,0.85,train
captured,bench_press_bench_press_003,bench_press,145,164,0,wide open elbow,0.85,train
captured,bench_press_bench_press_003,bench_press,164,191,0,wide open elbow,0.85,train
captured,bench_press_bench_press_003,bench_press,309,351,0,wide open elbow,0.85,train
captured,bench_press_bench_press_003,bench_press,351,392,0,wide open elbow,0.85,train
captured,bench_press_bench_press_003,bench_press,412,467,1,,0.85,train
captured,bench_press_bench_press_003,bench_press,467,497,1,,0.85,train
captured,bench_press_bench_press_003,bench_press,498,526,1,,0.85,train
captured,bench_press_bench_press_003,bench_press,526,576,1,,0.85,train
captured,bench_press_bench_press_003,bench_press,585,611,1,,0.85,train
captured,bench_press_bench_press_003,bench_press,611,638,1,,0.85,train
captured,bench_press_bench_press_003,bench_press,649,685,1,,0.85,train
captured,bench_press_bench_press_003,bench_press,685,730,1,,0.85,train
captured,bench_press_bench_press_003,bench_press,876,955,1,,0.85,train
captured,bench_press_bench_press_003,bench_press,956,1015,1,,0.85,train
captured,bench_press_bench_press_005,bench_press,91,120,0,wide open elbow,0.85,test
captured,bench_press_bench_press_005,bench_press,152,182,0,wide open elbow,0.85,test
captured,bench_press_bench_press_005,bench_press,213,237,0,wide open elbow,0.85,test
captured,bench_press_bench_press_005,bench_press,275,320,0,wide open elbow,0.85,test
captured,bench_press_bench_press_005,bench_press,374,405,0,wide open elbow,0.85,test
captured,bench_press_bench_press_005,bench_press,405,431,1,,0.85,test
captured,bench_press_bench_press_005,bench_press,509,567,1,,0.85,test
captured,bench_press_bench_press_005,bench_press,567,596,1,,0.85,test
captured,bench_press_bench_press_005,bench_press,596,633,1,,0.85,test
captured,bench_press_bench_press_005,bench_press,633,672,1,,0.85,test
captured,bench_press_bench_press_005,bench_press,681,706,1,,0.85,test
captured,bench_press_bench_press_005,bench_press,706,748,1,,0.85,test
captured,bench_press_bench_press_005,bench_press,749,780,1,,0.85,test
captured,bench_press_bench_press_005,bench_press,783,814,1,,0.85,test
captured,bench_press_bench_press_006,bench_press,5,49,0,wide open elbow,0.85,train
captured,bench_press_bench_press_006,bench_press,93,141,0,wide open elbow,0.85,train
captured,bench_press_bench_press_006,bench_press,141,185,0,wide open elbow,0.85,train
captured,bench_press_bench_press_006,bench_press,186,228,1,,0.85,train
captured,bench_press_bench_press_006,bench_press,228,270,1,,0.85,train
captured,bench_press_bench_press_006,bench_press,270,322,1,,0.85,train
captured,bench_press_bench_press_006,bench_press,322,371,1,,0.85,train
captured,bench_press_bench_press_010,bench_press,185,232,0,unarched back,0.85,train
captured,bench_press_bench_press_012,bench_press,9,42,0,unarched back,0.85,test
captured,bench_press_bench_press_012,bench_press,42,64,0,unarched back,0.85,test
captured,bench_press_bench_press_012,bench_press,86,119,0,unarched back,0.85,test
captured,bench_press_bench_press_012,bench_press,136,173,0,unarched back,0.85,test
captured,bench_press_bench_press_012,bench_press,190,216,0,unarched back,0.85,test
captured,bench_press_bench_press_012,bench_press,216,258,1,,0.85,test
captured,bench_press_bench_press_012,bench_press,258,284,1,,0.85,test
captured,bench_press_bench_press_012,bench_press,284,312,1,,0.85,test
captured,bench_press_bench_press_012,bench_press,312,347,1,,0.85,test
captured,bench_press_bench_press_012,bench_press,347,368,1,,0.85,test
captured,bench_press_bench_press_012,bench_press,369,402,1,,0.85,test
captured,bench_press_bench_press_012,bench_press,402,426,1,,0.85,test
captured,bench_press_bench_press_012,bench_press,426,468,1,,0.85,test
captured,bench_press_bench_press_012,bench_press,468,494,1,,0.85,test
captured,bench_press_bench_press_012,bench_press,495,532,1,,0.85,test
captured,bench_press_bench_press_012,bench_press,532,562,1,,0.85,test
captured,bench_press_bench_press_013,bench_press,0,32,0,unarched back,0.85,train
captured,bench_press_bench_press_013,bench_press,32,74,0,unarched back,0.85,train
captured,bench_press_bench_press_013,bench_press,98,129,0,unarched back,0.85,train
captured,bench_press_bench_press_013,bench_press,144,187,0,unarched back,0.85,train
captured,bench_press_bench_press_013,bench_press,204,246,1,,0.85,train
captured,bench_press_bench_press_013,bench_press,264,312,1,,0.85,train
captured,bench_press_bench_press_013,bench_press,312,358,1,,0.85,train
captured,bench_press_bench_press_014,bench_press,0,33,0,unstable legs,0.85,test
captured,bench_press_bench_press_014,bench_press,68,89,0,unstable legs,0.85,test
captured,bench_press_bench_press_014,bench_press,89,118,0,unstable legs,0.85,test
captured,bench_press_bench_press_014,bench_press,118,142,1,,0.85,test
captured,bench_press_bench_press_014,bench_press,142,168,1,,0.85,test
captured,bench_press_bench_press_014,bench_press,168,190,1,,0.85,test
captured,bench_press_bench_press_014,bench_press,190,217,1,,0.85,test
captured,bench_press_bench_press_014,bench_press,217,246,1,,0.85,test
captured,bench_press_bench_press_014,bench_press,247,275,1,,0.85,test
captured,bench_press_bench_press_014,bench_press,318,350,1,,0.85,test
captured,bench_press_bench_press_014,bench_press,354,380,1,,0.85,test
captured,bench_press_bench_press_014,bench_press,380,398,1,,0.85,test
captured,bench_press_bench_press_014,bench_press,398,431,1,,0.85,test
captured,bench_press_bench_press_014,bench_press,431,458,1,,0.85,test
captured,bench_press_bench_press_014,bench_press,459,485,1,,0.85,test
captured,bench_press_bench_press_014,bench_press,486,512,1,,0.85,test
captured,bench_press_bench_press_014,bench_press,512,547,1,,0.85,test
captured,bench_press_bench_press_015,bench_press,34,64,0,unarched back,0.85,test
captured,bench_press_bench_press_015,bench_press,604,639,1,,0.85,test
captured,bench_press_bench_press_015,bench_press,955,986,1,,0.85,test
captured,bench_press_bench_press_020,bench_press,0,45,0,unstable legs,0.85,train
captured,bench_press_bench_press_020,bench_press,73,130,0,unstable legs,0.85,train
captured,bench_press_bench_press_020,bench_press,139,203,0,unstable legs,0.85,train
captured,bench_press_bench_press_020,bench_press,244,275,0,unstable legs,0.85,train
captured,bench_press_bench_press_020,bench_press,275,325,0,unstable legs,0.85,train
captured,bench_press_bench_press_020,bench_press,325,367,1,,0.85,train
captured,bench_press_bench_press_020,bench_press,367,403,1,,0.85,train
captured,bench_press_bench_press_020,bench_press,403,436,1,,0.85,train
captured,bench_press_bench_press_020,bench_press,437,472,1,,0.85,train
captured,bench_press_bench_press_020,bench_press,472,491,1,,0.85,train
captured,bench_press_bench_press_020,bench_press,493,527,1,,0.85,train
captured,bench_press_bench_press_021,bench_press,34,68,0,unstable legs,0.85,val
captured,bench_press_bench_press_021,bench_press,85,141,0,unstable legs,0.85,val
captured,bench_press_bench_press_021,bench_press,170,213,0,unstable legs,0.85,val
captured,bench_press_bench_press_021,bench_press,213,238,0,unstable legs,0.85,val
captured,bench_press_bench_press_021,bench_press,238,290,0,unstable legs,0.85,val
captured,bench_press_bench_press_021,bench_press,291,342,0,unstable legs,0.85,val
captured,bench_press_bench_press_021,bench_press,342,399,0,unstable legs,0.85,val
captured,bench_press_bench_press_021,bench_press,399,441,0,unstable legs,0.85,val
captured,bench_press_bench_press_023,bench_press,14,44,0,unstable legs,0.85,train
captured,bench_press_bench_press_023,bench_press,44,63,0,unstable legs,0.85,train
captured,bench_press_bench_press_023,bench_press,78,156,0,unstable legs,0.85,train
captured,bench_press_bench_press_023,bench_press,234,275,0,unstable legs,0.85,train
captured,bench_press_bench_press_023,bench_press,275,351,0,unstable legs,0.85,train
captured,bench_press_bench_press_023,bench_press,734,780,1,,0.85,train
captured,bench_press_bench_press_023,bench_press,854,885,1,,0.85,train
captured,biceps_biceps_002,biceps,41,88,0,unstable body,0.85,train
captured,biceps_biceps_002,biceps,88,129,0,unstable body,0.85,train
captured,biceps_biceps_002,biceps,130,172,0,unstable body,0.85,train
captured,biceps_biceps_002,biceps,172,218,0,unstable body,0.85,train
captured,biceps_biceps_002,biceps,219,264,1,,0.85,train
captured,biceps_biceps_002,biceps,265,309,1,,0.85,train
captured,biceps_biceps_002,biceps,309,352,1,,0.85,train
captured,biceps_biceps_002,biceps,353,394,1,,0.85,train
captured,biceps_biceps_002,biceps,395,438,1,,0.85,train
captured,biceps_biceps_002,biceps,438,486,1,,0.85,train
captured,biceps_biceps_003,biceps,0,30,0,unstable body,0.85,train
captured,biceps_biceps_003,biceps,30,70,0,unstable body,0.85,train
captured,biceps_biceps_003,biceps,71,113,0,unstable body,0.85,train
captured,biceps_biceps_003,biceps,113,159,0,unstable body,0.85,train
captured,biceps_biceps_003,biceps,159,205,1,,0.85,train
captured,biceps_biceps_003,biceps,206,250,1,,0.85,train
captured,biceps_biceps_003,biceps,250,294,1,,0.85,train
captured,biceps_biceps_003,biceps,294,335,1,,0.85,train
captured,biceps_biceps_003,biceps,335,380,1,,0.85,train
captured,biceps_biceps_003,biceps,380,428,1,,0.85,train
captured,biceps_biceps_004,biceps,21,70,0,unstable elbows,0.85,train
captured,biceps_biceps_004,biceps,70,119,0,unstable elbows,0.85,train
captured,biceps_biceps_004,biceps,120,167,0,unstable elbows,0.85,train
captured,biceps_biceps_004,biceps,168,212,0,unstable elbows,0.85,train
captured,biceps_biceps_004,biceps,212,253,1,,0.85,train
captured,biceps_biceps_004,biceps,253,292,1,,0.85,train
captured,biceps_biceps_004,biceps,292,333,1,,0.85,train
captured,biceps_biceps_004,biceps,333,379,1,,0.85,train
captured,biceps_biceps_004,biceps,379,424,1,,0.85,train
captured,biceps_biceps_007,biceps,10,59,0,wide open elbows,0.85,train
captured,biceps_biceps_007,biceps,59,109,0,wide open elbows,0.85,train
captured,biceps_biceps_007,biceps,109,156,0,wide open elbows,0.85,train
captured,biceps_biceps_007,biceps,157,201,1,,0.85,train
captured,biceps_biceps_007,biceps,201,241,1,,0.85,train
captured,biceps_biceps_007,biceps,242,282,1,,0.85,train
captured,biceps_biceps_007,biceps,282,322,1,,0.85,train
captured,biceps_biceps_007,biceps,323,368,1,,0.85,train
captured,biceps_biceps_007,biceps,369,414,1,,0.85,train
captured,biceps_biceps_008,biceps,2,58,0,bent back,0.85,train
captured,biceps_biceps_008,biceps,59,109,0,bent back,0.85,train
captured,biceps_biceps_008,biceps,110,161,0,bent back,0.85,train
captured,biceps_biceps_008,biceps,162,217,0,bent back,0.85,train
captured,biceps_biceps_008,biceps,218,278,1,,0.85,train
captured,biceps_biceps_008,biceps,279,342,1,,0.85,train
captured,biceps_biceps_008,biceps,343,407,1,,0.85,train
captured,biceps_biceps_008,biceps,408,469,1,,0.85,train
captured,biceps_biceps_008,biceps,471,551,1,,0.85,train
captured,biceps_biceps_008,biceps,552,627,1,,0.85,train
captured,biceps_biceps_009,biceps,0,48,0,bent back,0.85,train
captured,biceps_biceps_009,biceps,49,96,0,bent back,0.85,train
captured,biceps_biceps_009,biceps,104,151,0,bent back,0.85,train
captured,biceps_biceps_009,biceps,152,208,0,bent back,0.85,train
captured,biceps_biceps_009,biceps,208,271,1,,0.85,train
captured,biceps_biceps_009,biceps,272,334,1,,0.85,train
captured,biceps_biceps_009,biceps,335,398,1,,0.85,train
captured,biceps_biceps_009,biceps,400,461,1,,0.85,train
captured,biceps_biceps_009,biceps,462,542,1,,0.85,train
captured,biceps_biceps_009,biceps,543,617,1,,0.85,train
captured,biceps_biceps_010,biceps,20,74,0,wide open elbows,0.85,train
captured,biceps_biceps_010,biceps,75,120,0,wide open elbows,0.85,train
captured,biceps_biceps_010,biceps,132,180,0,wide open elbows,0.85,train
captured,biceps_biceps_010,biceps,185,237,0,wide open elbows,0.85,train
captured,biceps_biceps_010,biceps,246,315,1,,0.85,train
captured,biceps_biceps_010,biceps,315,385,1,,0.85,train
captured,biceps_biceps_010,biceps,386,459,1,,0.85,train
captured,biceps_biceps_010,biceps,460,531,1,,0.85,train
captured,biceps_biceps_010,biceps,533,606,1,,0.85,train
captured,biceps_biceps_010,biceps,607,675,1,,0.85,train
captured,biceps_biceps_010,biceps,676,764,1,,0.85,train
captured,biceps_biceps_011,biceps,18,65,0,wide open elbows,0.85,train
captured,biceps_biceps_011,biceps,71,123,0,wide open elbows,0.85,train
captured,biceps_biceps_011,biceps,124,175,0,wide open elbows,0.85,train
captured,biceps_biceps_011,biceps,182,233,0,wide open elbows,0.85,train
captured,biceps_biceps_011,biceps,242,310,1,,0.85,train
captured,biceps_biceps_011,biceps,311,381,1,,0.85,train
captured,biceps_biceps_011,biceps,382,454,1,,0.85,train
captured,biceps_biceps_011,biceps,455,527,1,,0.85,train
captured,biceps_biceps_011,biceps,528,601,1,,0.85,train
captured,biceps_biceps_011,biceps,602,673,1,,0.85,train
captured,biceps_biceps_011,biceps,674,755,1,,0.85,train
captured,biceps_biceps_012,biceps,56,109,0,half reps,0.85,train
captured,biceps_biceps_012,biceps,310,357,1,,0.85,train
captured,biceps_biceps_012,biceps,357,402,1,,0.85,train
captured,biceps_biceps_012,biceps,403,454,1,,0.85,train
captured,biceps_biceps_012,biceps,455,521,1,,0.85,train
captured,biceps_biceps_012,biceps,525,581,1,,0.85,train
captured,biceps_biceps_012,biceps,582,623,1,,0.85,train
captured,biceps_biceps_012,biceps,623,666,1,,0.85,train
captured,biceps_biceps_013,biceps,162,220,1,,0.85,train
captured,biceps_biceps_013,biceps,221,265,1,,0.85,train
captured,biceps_biceps_013,biceps,266,308,1,,0.85,train
captured,biceps_biceps_013,biceps,309,372,1,,0.85,train
captured,biceps_biceps_013,biceps,374,430,1,,0.85,train
captured,biceps_biceps_013,biceps,432,485,1,,0.85,train
captured,biceps_biceps_013,biceps,486,547,1,,0.85,train
captured,biceps_biceps_013,biceps,548,596,1,,0.85,train
captured,biceps_biceps_013,biceps,597,643,1,,0.85,train
captured,biceps_biceps_013,biceps,645,707,1,,0.85,train
captured,biceps_biceps_013,biceps,708,767,1,,0.85,train
captured,biceps_biceps_013,biceps,768,820,1,,0.85,train
captured,biceps_biceps_014,biceps,26,75,0,half reps,0.85,train
captured,biceps_biceps_014,biceps,75,121,0,half reps,0.85,train
captured,biceps_biceps_014,biceps,122,183,0,half reps,0.85,train
captured,biceps_biceps_014,biceps,184,228,0,half reps,0.85,train
captured,biceps_biceps_014,biceps,228,273,0,half reps,0.85,train
captured,biceps_biceps_014,biceps,273,338,1,,0.85,train
captured,biceps_biceps_014,biceps,338,394,1,,0.85,train
captured,biceps_biceps_014,biceps,395,449,1,,0.85,train
captured,biceps_biceps_014,biceps,450,511,1,,0.85,train
captured,biceps_biceps_014,biceps,511,559,1,,0.85,train
captured,biceps_biceps_014,biceps,560,606,1,,0.85,train
captured,biceps_biceps_014,biceps,608,671,1,,0.85,train
captured,biceps_biceps_014,biceps,671,730,1,,0.85,train
captured,biceps_biceps_014,biceps,731,786,1,,0.85,train
captured,biceps_biceps_015,biceps,48,99,0,unstable body,0.85,train
captured,biceps_biceps_015,biceps,112,160,0,unstable body,0.85,train
captured,biceps_biceps_015,biceps,171,221,0,unstable body,0.85,train
captured,biceps_biceps_015,biceps,232,285,0,unstable body,0.85,train
captured,biceps_biceps_015,biceps,290,344,1,,0.85,train
captured,biceps_biceps_015,biceps,352,413,1,,0.85,train
captured,biceps_biceps_015,biceps,419,479,1,,0.85,train
captured,biceps_biceps_015,biceps,486,550,1,,0.85,train
captured,biceps_biceps_015,biceps,555,623,1,,0.85,train
captured,biceps_biceps_015,biceps,629,705,1,,0.85,train
captured,biceps_biceps_015,biceps,710,782,1,,0.85,train
captured,biceps_biceps_015,biceps,790,860,1,,0.85,train
captured,biceps_biceps_015,biceps,862,931,1,,0.85,train
captured,biceps_biceps_015,biceps,934,1005,1,,0.85,train
captured,biceps_biceps_016,biceps,3,65,0,unstable elbows,0.85,train
captured,biceps_biceps_016,biceps,75,131,0,unstable elbows,0.85,train
captured,biceps_biceps_016,biceps,140,196,0,unstable elbows,0.85,train
captured,biceps_biceps_016,biceps,201,260,0,unstable elbows,0.85,train
captured,biceps_biceps_016,biceps,268,316,1,,0.85,train
captured,biceps_biceps_016,biceps,325,378,1,,0.85,train
captured,biceps_biceps_016,biceps,380,434,1,,0.85,train
captured,biceps_biceps_016,biceps,439,493,1,,0.85,train
captured,biceps_biceps_016,biceps,506,558,1,,0.85,train
captured,biceps_biceps_016,biceps,569,622,1,,0.85,train
captured,biceps_biceps_016,biceps,635,698,1,,0.85,train
captured,biceps_biceps_016,biceps,700,762,1,,0.85,train
captured,biceps_biceps_016,biceps,766,829,1,,0.85,train
captured,biceps_biceps_016,biceps,831,896,1,,0.85,train
captured,biceps_biceps_016,biceps,899,954,1,,0.85,train
captured,biceps_biceps_017,biceps,0,72,0,unstable elbows,0.85,val
captured,biceps_biceps_017,biceps,73,138,0,unstable elbows,0.85,val
captured,biceps_biceps_017,biceps,139,200,0,unstable elbows,0.85,val
captured,biceps_biceps_017,biceps,201,265,0,unstable elbows,0.85,val
captured,biceps_biceps_017,biceps,266,323,1,,0.85,val
captured,biceps_biceps_017,biceps,323,380,1,,0.85,val
captured,biceps_biceps_017,biceps,381,438,1,,0.85,val
captured,biceps_biceps_017,biceps,439,500,1,,0.85,val
captured,biceps_biceps_017,biceps,501,565,1,,0.85,val
captured,biceps_biceps_017,biceps,566,630,1,,0.85,val
captured,biceps_biceps_017,biceps,632,700,1,,0.85,val
captured,biceps_biceps_017,biceps,701,767,1,,0.85,val
captured,biceps_biceps_017,biceps,767,832,1,,0.85,val
captured,biceps_biceps_017,biceps,832,899,1,,0.85,val
captured,biceps_biceps_017,biceps,900,956,1,,0.85,val
captured,biceps_biceps_018,biceps,3,61,0,unstable body,0.85,test
captured,biceps_biceps_018,biceps,63,123,0,unstable body,0.85,test
captured,biceps_biceps_018,biceps,124,184,0,unstable body,0.85,test
captured,biceps_biceps_018,biceps,185,244,0,unstable body,0.85,test
captured,biceps_biceps_018,biceps,244,304,1,,0.85,test
captured,biceps_biceps_018,biceps,305,373,1,,0.85,test
captured,biceps_biceps_018,biceps,374,439,1,,0.85,test
captured,biceps_biceps_018,biceps,440,509,1,,0.85,test
captured,biceps_biceps_018,biceps,510,583,1,,0.85,test
captured,biceps_biceps_018,biceps,584,664,1,,0.85,test
captured,biceps_biceps_018,biceps,665,741,1,,0.85,test
captured,biceps_biceps_018,biceps,743,817,1,,0.85,test
captured,biceps_biceps_018,biceps,818,889,1,,0.85,test
captured,biceps_biceps_018,biceps,890,965,1,,0.85,test
captured,biceps_biceps_019,biceps,29,93,0,half reps,0.85,train
captured,biceps_biceps_019,biceps,99,159,0,half reps,0.85,train
captured,biceps_biceps_019,biceps,168,225,0,half reps,0.85,train
captured,biceps_biceps_019,biceps,233,290,0,half reps,0.85,train
captured,biceps_biceps_019,biceps,291,363,1,,0.85,train
captured,biceps_biceps_019,biceps,365,442,1,,0.85,train
captured,biceps_biceps_019,biceps,446,522,1,,0.85,train
captured,biceps_biceps_019,biceps,524,595,1,,0.85,train
captured,biceps_biceps_019,biceps,597,661,1,,0.85,train
captured,biceps_biceps_019,biceps,663,733,1,,0.85,train
captured,biceps_biceps_019,biceps,736,809,1,,0.85,train
captured,biceps_biceps_019,biceps,813,875,1,,0.85,train
captured,biceps_biceps_019,biceps,878,948,1,,0.85,train
captured,biceps_biceps_019,biceps,950,1026,1,,0.85,train
captured,biceps_biceps_020,biceps,0,65,0,half reps,0.85,train
captured,biceps_biceps_020,biceps,66,135,0,half reps,0.85,train
captured,biceps_biceps_020,biceps,137,201,0,half reps,0.85,train
captured,biceps_biceps_020,biceps,203,269,0,half reps,0.85,train
captured,biceps_biceps_020,biceps,271,329,1,,0.85,train
captured,biceps_biceps_020,biceps,330,403,1,,0.85,train
captured,biceps_biceps_020,biceps,404,483,1,,0.85,train
captured,biceps_biceps_020,biceps,484,561,1,,0.85,train
captured,biceps_biceps_020,biceps,563,636,1,,0.85,train
captured,biceps_biceps_020,biceps,637,702,1,,0.85,train
captured,biceps_biceps_020,biceps,703,773,1,,0.85,train
captured,biceps_biceps_020,biceps,775,849,1,,0.85,train
captured,biceps_biceps_020,biceps,851,916,1,,0.85,train
captured,biceps_biceps_020,biceps,917,988,1,,0.85,train
captured,biceps_biceps_020,biceps,989,1065,1,,0.85,train
captured,biceps_biceps_021,biceps,0,37,0,unstable elbows,0.85,val
captured,biceps_biceps_021,biceps,218,280,0,unstable elbows,0.85,val
captured,biceps_biceps_021,biceps,283,351,0,unstable elbows,0.85,val
captured,biceps_biceps_021,biceps,353,415,0,unstable elbows,0.85,val
captured,biceps_biceps_021,biceps,422,483,0,unstable elbows,0.85,val
captured,biceps_biceps_021,biceps,484,545,0,unstable elbows,0.85,val
captured,biceps_biceps_021,biceps,552,603,0,unstable elbows,0.85,val
captured,biceps_biceps_021,biceps,616,678,0,unstable elbows,0.85,val
captured,biceps_biceps_021,biceps,687,745,0,unstable elbows,0.85,val
captured,biceps_biceps_021,biceps,757,806,0,unstable elbows,0.85,val
captured,biceps_biceps_022,biceps,8,68,0,unstable elbows,0.85,train
captured,biceps_biceps_022,biceps,72,141,0,unstable elbows,0.85,train
captured,biceps_biceps_022,biceps,144,203,0,unstable elbows,0.85,train
captured,biceps_biceps_022,biceps,214,269,0,unstable elbows,0.85,train
captured,biceps_biceps_022,biceps,277,335,0,unstable elbows,0.85,train
captured,biceps_biceps_022,biceps,343,396,0,unstable elbows,0.85,train
captured,biceps_biceps_022,biceps,405,474,0,unstable elbows,0.85,train
captured,biceps_biceps_022,biceps,476,539,0,unstable elbows,0.85,train
captured,biceps_biceps_022,biceps,545,612,0,unstable elbows,0.85,train
captured,biceps_biceps_023,biceps,11,68,0,unstable body,0.85,train
captured,biceps_biceps_023,biceps,78,143,0,unstable body,0.85,train
captured,biceps_biceps_023,biceps,151,216,0,unstable body,0.85,train
captured,biceps_biceps_023,biceps,220,293,0,unstable body,0.85,train
captured,biceps_biceps_023,biceps,316,408,1,,0.85,train
captured,biceps_biceps_023,biceps,417,482,1,,0.85,train
captured,biceps_biceps_023,biceps,487,561,1,,0.85,train
captured,biceps_biceps_023,biceps,565,639,1,,0.85,train
captured,biceps_biceps_023,biceps,640,704,1,,0.85,train
captured,biceps_biceps_023,biceps,705,768,1,,0.85,train
captured,biceps_biceps_023,biceps,770,833,1,,0.85,train
captured,biceps_biceps_023,biceps,834,894,1,,0.85,train
captured,biceps_biceps_023,biceps,896,950,1,,0.85,train
captured,biceps_biceps_024,biceps,11,65,0,unstable body,0.85,train
captured,biceps_biceps_024,biceps,79,138,0,unstable body,0.85,train
captured,biceps_biceps_024,biceps,150,208,0,unstable body,0.85,train
captured,biceps_biceps_024,biceps,224,291,0,unstable body,0.85,train
captured,biceps_biceps_024,biceps,315,410,1,,0.85,train
captured,biceps_biceps_024,biceps,413,481,1,,0.85,train
captured,biceps_biceps_024,biceps,486,560,1,,0.85,train
captured,biceps_biceps_024,biceps,564,637,1,,0.85,train
captured,biceps_biceps_024,biceps,639,703,1,,0.85,train
captured,biceps_biceps_024,biceps,704,766,1,,0.85,train
captured,biceps_biceps_024,biceps,769,831,1,,0.85,train
captured,biceps_biceps_024,biceps,833,894,1,,0.85,train
captured,biceps_biceps_024,biceps,896,948,1,,0.85,train
captured,biceps_biceps_025,biceps,5,79,0,unstable elbows,0.85,train
captured,biceps_biceps_025,biceps,84,154,0,unstable elbows,0.85,train
captured,biceps_biceps_025,biceps,157,230,0,unstable elbows,0.85,train
captured,biceps_biceps_025,biceps,234,299,0,unstable elbows,0.85,train
captured,biceps_biceps_025,biceps,349,424,1,,0.85,train
captured,biceps_biceps_025,biceps,427,504,1,,0.85,train
captured,biceps_biceps_025,biceps,506,574,1,,0.85,train
captured,biceps_biceps_025,biceps,575,631,1,,0.85,train
captured,biceps_biceps_025,biceps,632,693,1,,0.85,train
captured,biceps_biceps_025,biceps,694,758,1,,0.85,train
captured,biceps_biceps_025,biceps,759,816,1,,0.85,train
captured,biceps_biceps_025,biceps,817,873,1,,0.85,train
captured,biceps_biceps_026,biceps,8,84,0,unstable elbows,0.85,train
captured,biceps_biceps_026,biceps,86,159,0,unstable elbows,0.85,train
captured,biceps_biceps_026,biceps,160,236,0,unstable elbows,0.85,train
captured,biceps_biceps_026,biceps,238,302,0,unstable elbows,0.85,train
captured,biceps_biceps_026,biceps,352,429,1,,0.85,train
captured,biceps_biceps_026,biceps,431,509,1,,0.85,train
captured,biceps_biceps_026,biceps,511,578,1,,0.85,train
captured,biceps_biceps_026,biceps,579,635,1,,0.85,train
captured,biceps_biceps_026,biceps,636,698,1,,0.85,train
captured,biceps_biceps_026,biceps,699,762,1,,0.85,train
captured,biceps_biceps_026,biceps,763,820,1,,0.85,train
captured,biceps_biceps_026,biceps,821,875,1,,0.85,train
captured,biceps_biceps_027,biceps,1,55,0,half reps,0.85,train
captured,biceps_biceps_027,biceps,57,122,0,half reps,0.85,train
captured,biceps_biceps_027,biceps,131,194,0,half reps,0.85,train
captured,biceps_biceps_027,biceps,196,258,0,half reps,0.85,train
captured,biceps_biceps_027,biceps,261,320,1,,0.85,train
captured,biceps_biceps_027,biceps,333,422,1,,0.85,train
captured,biceps_biceps_027,biceps,425,494,1,,0.85,train
captured,biceps_biceps_027,biceps,498,566,1,,0.85,train
captured,biceps_biceps_027,biceps,568,635,1,,0.85,train
captured,biceps_biceps_027,biceps,636,701,1,,0.85,train
captured,biceps_biceps_027,biceps,702,762,1,,0.85,train
captured,biceps_biceps_027,biceps,763,818,1,,0.85,train
captured,biceps_biceps_027,biceps,819,873,1,,0.85,train
captured,biceps_biceps_027,biceps,874,933,1,,0.85,train
captured,biceps_biceps_027,biceps,935,979,1,,0.85,train
captured,biceps_biceps_028,biceps,3,62,0,half reps,0.85,val
captured,biceps_biceps_028,biceps,64,130,0,half reps,0.85,val
captured,biceps_biceps_028,biceps,135,200,0,half reps,0.85,val
captured,biceps_biceps_028,biceps,202,265,0,half reps,0.85,val
captured,biceps_biceps_028,biceps,267,326,1,,0.85,val
captured,biceps_biceps_028,biceps,339,428,1,,0.85,val
captured,biceps_biceps_028,biceps,431,502,1,,0.85,val
captured,biceps_biceps_028,biceps,504,569,1,,0.85,val
captured,biceps_biceps_028,biceps,573,641,1,,0.85,val
captured,biceps_biceps_028,biceps,642,708,1,,0.85,val
captured,biceps_biceps_028,biceps,709,769,1,,0.85,val
captured,biceps_biceps_028,biceps,770,826,1,,0.85,val
captured,biceps_biceps_028,biceps,827,879,1,,0.85,val
captured,biceps_biceps_028,biceps,881,940,1,,0.85,val
captured,biceps_biceps_028,biceps,941,985,1,,0.85,val
captured,shoulder_press_shoulder_press_001,shoulder_press,18,75,0,wide open elbows,0.85,train
captured,shoulder_press_shoulder_press_001,shoulder_press,76,137,0,wide open elbows,0.85,train
captured,shoulder_press_shoulder_press_001,shoulder_press,137,213,0,wide open elbows,0.85,train
captured,shoulder_press_shoulder_press_001,shoulder_press,214,283,0,wide open elbows,0.85,train
captured,shoulder_press_shoulder_press_001,shoulder_press,283,349,1,,0.85,train
captured,shoulder_press_shoulder_press_001,shoulder_press,349,418,1,,0.85,train
captured,shoulder_press_shoulder_press_001,shoulder_press,418,484,1,,0.85,train
captured,shoulder_press_shoulder_press_001,shoulder_press,485,558,1,,0.85,train
captured,shoulder_press_shoulder_press_001,shoulder_press,560,633,1,,0.85,train
captured,shoulder_press_shoulder_press_001,shoulder_press,634,676,1,,0.85,train
captured,shoulder_press_shoulder_press_002,shoulder_press,59,98,0,wide open elbows,0.85,train
captured,shoulder_press_shoulder_press_002,shoulder_press,110,158,0,wide open elbows,0.85,train
captured,shoulder_press_shoulder_press_002,shoulder_press,169,198,0,wide open elbows,0.85,train
captured,shoulder_press_shoulder_press_002,shoulder_press,230,266,0,wide open elbows,0.85,train
captured,shoulder_press_shoulder_press_002,shoulder_press,304,345,1,,0.85,train
captured,shoulder_press_shoulder_press_002,shoulder_press,345,404,1,,0.85,train
captured,shoulder_press_shoulder_press_002,shoulder_press,443,505,1,,0.85,train
captured,shoulder_press_shoulder_press_002,shoulder_press,507,530,1,,0.85,train
captured,shoulder_press_shoulder_press_002,shoulder_press,530,572,1,,0.85,train
captured,shoulder_press_shoulder_press_002,shoulder_press,573,614,1,,0.85,train
captured,shoulder_press_shoulder_press_002,shoulder_press,649,682,1,,0.85,train
captured,shoulder_press_shoulder_press_002,shoulder_press,682,713,1,,0.85,train
captured,shoulder_press_shoulder_press_002,shoulder_press,726,764,1,,0.85,train
captured,shoulder_press_shoulder_press_003,shoulder_press,3,73,0,unarched back,0.85,train
captured,shoulder_press_shoulder_press_003,shoulder_press,75,134,0,unarched back,0.85,train
captured,shoulder_press_shoulder_press_003,shoulder_press,134,204,0,unarched back,0.85,train
captured,shoulder_press_shoulder_press_003,shoulder_press,204,272,0,unarched back,0.85,train
captured,shoulder_press_shoulder_press_003,shoulder_press,273,310,1,,0.85,train
captured,shoulder_press_shoulder_press_003,shoulder_press,356,422,1,,0.85,train
captured,shoulder_press_shoulder_press_003,shoulder_press,423,486,1,,0.85,train
captured,shoulder_press_shoulder_press_003,shoulder_press,490,553,1,,0.85,train
captured,shoulder_press_shoulder_press_003,shoulder_press,554,618,1,,0.85,train
captured,shoulder_press_shoulder_press_003,shoulder_press,619,692,1,,0.85,train
captured,shoulder_press_shoulder_press_003,shoulder_press,693,750,1,,0.85,train
captured,shoulder_press_shoulder_press_009,shoulder_press,3,36,0,wide open elbows,0.85,train
captured,shoulder_press_shoulder_press_009,shoulder_press,36,74,0,wide open elbows,0.85,train
captured,shoulder_press_shoulder_press_009,shoulder_press,105,145,0,wide open elbows,0.85,train
captured,shoulder_press_shoulder_press_009,shoulder_press,146,217,0,wide open elbows,0.85,train
captured,shoulder_press_shoulder_press_009,shoulder_press,218,266,1,,0.85,train
captured,shoulder_press_shoulder_press_009,shoulder_press,266,300,1,,0.85,train
captured,shoulder_press_shoulder_press_009,shoulder_press,300,330,1,,0.85,train
captured,shoulder_press_shoulder_press_009,shoulder_press,330,381,1,,0.85,train
captured,shoulder_press_shoulder_press_009,shoulder_press,394,447,1,,0.85,train
captured,shoulder_press_shoulder_press_009,shoulder_press,463,481,1,,0.85,train
captured,shoulder_press_shoulder_press_009,shoulder_press,482,542,1,,0.85,train
captured,shoulder_press_shoulder_press_009,shoulder_press,600,629,1,,0.85,train
captured,shoulder_press_shoulder_press_009,shoulder_press,629,664,1,,0.85,train
captured,shoulder_press_shoulder_press_009,shoulder_press,664,692,1,,0.85,train
captured,shoulder_press_shoulder_press_009,shoulder_press,692,722,1,,0.85,train
captured,shoulder_press_shoulder_press_009,shoulder_press,755,793,1,,0.85,train
captured,shoulder_press_shoulder_press_010,shoulder_press,0,30,0,half reps,0.85,train
captured,shoulder_press_shoulder_press_010,shoulder_press,106,141,0,half reps,0.85,train
captured,shoulder_press_shoulder_press_010,shoulder_press,142,221,0,half reps,0.85,train
captured,shoulder_press_shoulder_press_010,shoulder_press,221,295,0,half reps,0.85,train
captured,shoulder_press_shoulder_press_010,shoulder_press,295,360,0,half reps,0.85,train
captured,shoulder_press_shoulder_press_010,shoulder_press,360,427,1,,0.85,train
captured,shoulder_press_shoulder_press_010,shoulder_press,428,495,1,,0.85,train
captured,shoulder_press_shoulder_press_010,shoulder_press,495,565,1,,0.85,train
captured,shoulder_press_shoulder_press_010,shoulder_press,565,632,1,,0.85,train
captured,shoulder_press_shoulder_press_010,shoulder_press,633,721,1,,0.85,train
captured,shoulder_press_shoulder_press_010,shoulder_press,721,773,1,,0.85,train
captured,shoulder_press_shoulder_press_011,shoulder_press,78,112,1,,0.85,test
captured,shoulder_press_shoulder_press_011,shoulder_press,112,163,1,,0.85,test
captured,shoulder_press_shoulder_press_011,shoulder_press,163,212,1,,0.85,test
captured,shoulder_press_shoulder_press_011,shoulder_press,236,271,1,,0.85,test
captured,shoulder_press_shoulder_press_011,shoulder_press,314,335,1,,0.85,test
captured,shoulder_press_shoulder_press_011,shoulder_press,349,392,1,,0.85,test
captured,shoulder_press_shoulder_press_011,shoulder_press,392,443,1,,0.85,test
captured,shoulder_press_shoulder_press_011,shoulder_press,583,641,1,,0.85,test
captured,shoulder_press_shoulder_press_016,shoulder_press,228,292,1,,0.85,train
captured,shoulder_press_shoulder_press_016,shoulder_press,300,332,1,,0.85,train
captured,shoulder_press_shoulder_press_016,shoulder_press,357,401,1,,0.85,train
captured,shoulder_press_shoulder_press_016,shoulder_press,401,460,1,,0.85,train
captured,shoulder_press_shoulder_press_017,shoulder_press,59,115,0,unstable legs,0.85,test
captured,shoulder_press_shoulder_press_018,shoulder_press,0,35,1,,0.85,train
captured,shoulder_press_shoulder_press_018,shoulder_press,62,122,1,,0.85,train
captured,shoulder_press_shoulder_press_018,shoulder_press,123,184,1,,0.85,train
captured,shoulder_press_shoulder_press_018,shoulder_press,185,252,1,,0.85,train
captured,shoulder_press_shoulder_press_018,shoulder_press,253,305,1,,0.85,train
captured,shoulder_press_shoulder_press_018,shoulder_press,306,359,1,,0.85,train
captured,shoulder_press_shoulder_press_018,shoulder_press,360,391,1,,0.85,train
captured,shoulder_press_shoulder_press_018,shoulder_press,413,465,1,,0.85,train
captured,shoulder_press_shoulder_press_021,shoulder_press,91,138,0,wide open elbows,0.85,train
captured,shoulder_press_shoulder_press_021,shoulder_press,344,381,0,wide open elbows,0.85,train
captured,shoulder_press_shoulder_press_021,shoulder_press,381,428,1,,0.85,train
captured,shoulder_press_shoulder_press_021,shoulder_press,428,472,1,,0.85,train
captured,shoulder_press_shoulder_press_021,shoulder_press,473,517,1,,0.85,train
captured,shoulder_press_shoulder_press_021,shoulder_press,517,562,1,,0.85,train
captured,shoulder_press_shoulder_press_021,shoulder_press,562,611,1,,0.85,train
captured,shoulder_press_shoulder_press_021,shoulder_press,611,656,1,,0.85,train
captured,shoulder_press_shoulder_press_021,shoulder_press,656,702,1,,0.85,train
captured,shoulder_press_shoulder_press_021,shoulder_press,702,747,1,,0.85,train
captured,shoulder_press_shoulder_press_022,shoulder_press,91,130,0,unstable legs,0.85,test
captured,shoulder_press_shoulder_press_022,shoulder_press,130,168,0,unstable legs,0.85,test
captured,shoulder_press_shoulder_press_022,shoulder_press,168,204,0,unstable legs,0.85,test
captured,shoulder_press_shoulder_press_022,shoulder_press,205,244,1,,0.85,test
captured,shoulder_press_shoulder_press_022,shoulder_press,245,283,1,,0.85,test
captured,shoulder_press_shoulder_press_022,shoulder_press,283,321,1,,0.85,test
captured,shoulder_press_shoulder_press_022,shoulder_press,321,361,1,,0.85,test
captured,shoulder_press_shoulder_press_022,shoulder_press,361,400,1,,0.85,test
captured,shoulder_press_shoulder_press_022,shoulder_press,400,441,1,,0.85,test
captured,shoulder_press_shoulder_press_022,shoulder_press,442,486,1,,0.85,test
captured,shoulder_press_shoulder_press_022,shoulder_press,486,535,1,,0.85,test
captured,shoulder_press_shoulder_press_022,shoulder_press,535,578,1,,0.85,test
captured,shoulder_press_shoulder_press_022,shoulder_press,578,621,1,,0.85,test
captured,shoulder_press_shoulder_press_023,shoulder_press,0,37,0,unstable legs,0.85,train
captured,shoulder_press_shoulder_press_023,shoulder_press,63,99,0,unstable legs,0.85,train
captured,shoulder_press_shoulder_press_023,shoulder_press,99,136,0,unstable legs,0.85,train
captured,shoulder_press_shoulder_press_023,shoulder_press,136,165,0,unstable legs,0.85,train
captured,shoulder_press_shoulder_press_023,shoulder_press,178,200,0,unstable legs,0.85,train
captured,shoulder_press_shoulder_press_023,shoulder_press,217,236,1,,0.85,train
captured,shoulder_press_shoulder_press_023,shoulder_press,236,255,1,,0.85,train
captured,shoulder_press_shoulder_press_023,shoulder_press,255,295,1,,0.85,train
captured,shoulder_press_shoulder_press_023,shoulder_press,295,334,1,,0.85,train
captured,shoulder_press_shoulder_press_023,shoulder_press,334,374,1,,0.85,train
captured,shoulder_press_shoulder_press_023,shoulder_press,375,422,1,,0.85,train
captured,shoulder_press_shoulder_press_023,shoulder_press,422,466,1,,0.85,train
captured,shoulder_press_shoulder_press_023,shoulder_press,467,511,1,,0.85,train
captured,shoulder_press_shoulder_press_023,shoulder_press,511,548,1,,0.85,train
captured,shoulder_press_shoulder_press_024,shoulder_press,9,55,0,wide open elbows,0.85,train
captured,shoulder_press_shoulder_press_024,shoulder_press,239,320,1,,0.85,train
captured,shoulder_press_shoulder_press_024,shoulder_press,320,352,1,,0.85,train
captured,shoulder_press_shoulder_press_024,shoulder_press,370,395,1,,0.85,train
captured,shoulder_press_shoulder_press_024,shoulder_press,414,436,1,,0.85,train
captured,shoulder_press_shoulder_press_024,shoulder_press,436,458,1,,0.85,train
captured,shoulder_press_shoulder_press_024,shoulder_press,458,483,1,,0.85,train
captured,shoulder_press_shoulder_press_024,shoulder_press,503,577,1,,0.85,train
captured,shoulder_press_shoulder_press_024,shoulder_press,598,623,1,,0.85,train
captured,shoulder_press_shoulder_press_024,shoulder_press,623,645,1,,0.85,train
captured,shoulder_press_shoulder_press_024,shoulder_press,645,674,1,,0.85,train
captured,shoulder_press_shoulder_press_027,shoulder_press,0,54,0,unarched back,0.85,val
captured,shoulder_press_shoulder_press_027,shoulder_press,0,54,0,unarched back,0.85,val
captured,shoulder_press_shoulder_press_027,shoulder_press,90,124,0,unarched back,0.85,val
captured,shoulder_press_shoulder_press_027,shoulder_press,125,156,0,unarched back,0.85,val
captured,shoulder_press_shoulder_press_027,shoulder_press,186,215,0,unarched back,0.85,val
captured,shoulder_press_shoulder_press_027,shoulder_press,215,235,0,,0.85,val
captured,shoulder_press_shoulder_press_027,shoulder_press,248,284,1,,0.85,val
captured,shoulder_press_shoulder_press_027,shoulder_press,284,304,1,,0.85,val
captured,shoulder_press_shoulder_press_027,shoulder_press,318,352,1,,0.85,val
captured,shoulder_press_shoulder_press_027,shoulder_press,352,377,1,,0.85,val
captured,shoulder_press_shoulder_press_027,shoulder_press,389,408,1,,0.85,val
captured,shoulder_press_shoulder_press_027,shoulder_press,440,458,1,,0.85,val
captured,shoulder_press_shoulder_press_029,shoulder_press,89,128,0,unstable legs,0.85,train
captured,shoulder_press_shoulder_press_029,shoulder_press,152,191,0,unstable legs,0.85,train
captured,shoulder_press_shoulder_press_029,shoulder_press,216,252,0,unstable legs,0.85,train
captured,shoulder_press_shoulder_press_029,shoulder_press,289,330,0,unstable legs,0.85,train
captured,shoulder_press_shoulder_press_029,shoulder_press,330,368,1,,0.85,train
captured,shoulder_press_shoulder_press_029,shoulder_press,368,405,1,,0.85,train
captured,shoulder_press_shoulder_press_029,shoulder_press,405,439,1,,0.85,train
captured,shoulder_press_shoulder_press_029,shoulder_press,439,471,1,,0.85,train
captured,shoulder_press_shoulder_press_029,shoulder_press,471,503,1,,0.85,train
captured,shoulder_press_shoulder_press_029,shoulder_press,503,530,1,,0.85,train
captured,shoulder_press_shoulder_press_029,shoulder_press,530,559,1,,0.85,train
captured,shoulder_press_shoulder_press_030,shoulder_press,160,230,0,,0.85,test
captured,shoulder_press_shoulder_press_030,shoulder_press,230,262,1,,0.85,test
captured,shoulder_press_shoulder_press_030,shoulder_press,263,298,1,,0.85,test
captured,shoulder_press_shoulder_press_030,shoulder_press,299,337,1,,0.85,test
captured,shoulder_press_shoulder_press_030,shoulder_press,337,372,1,,0.85,test
captured,shoulder_press_shoulder_press_030,shoulder_press,372,402,1,,0.85,test
captured,shoulder_press_shoulder_press_031,shoulder_press,18,75,0,unstable legs,0.85,train
captured,shoulder_press_shoulder_press_031,shoulder_press,75,142,0,unstable legs,0.85,train
captured,shoulder_press_shoulder_press_031,shoulder_press,142,195,0,unstable legs,0.85,train
captured,shoulder_press_shoulder_press_031,shoulder_press,196,254,1,,0.85,train
captured,shoulder_press_shoulder_press_031,shoulder_press,254,291,1,,0.85,train
captured,shoulder_press_shoulder_press_031,shoulder_press,291,327,1,,0.85,train
captured,shoulder_press_shoulder_press_031,shoulder_press,328,361,1,,0.85,train
captured,shoulder_press_shoulder_press_031,shoulder_press,362,394,1,,0.85,train
captured,shoulder_press_shoulder_press_031,shoulder_press,394,425,1,,0.85,train
captured,shoulder_press_shoulder_press_031,shoulder_press,426,457,1,,0.85,train
captured,shoulder_press_shoulder_press_031,shoulder_press,457,483,1,,0.85,train
captured,shoulder_press_shoulder_press_031,shoulder_press,483,523,1,,0.85,train
captured,shoulder_press_shoulder_press_033,shoulder_press,36,89,0,unarched back,0.85,train
captured,shoulder_press_shoulder_press_033,shoulder_press,89,135,0,unarched back,0.85,train
captured,shoulder_press_shoulder_press_033,shoulder_press,135,185,0,unarched back,0.85,train
captured,shoulder_press_shoulder_press_033,shoulder_press,185,231,1,,0.85,train
captured,shoulder_press_shoulder_press_034,shoulder_press,1,32,0,unarched back,0.85,train
captured,shoulder_press_shoulder_press_034,shoulder_press,32,78,0,unarched back,0.85,train
captured,shoulder_press_shoulder_press_034,shoulder_press,78,127,0,unarched back,0.85,train
captured,shoulder_press_shoulder_press_034,shoulder_press,127,174,1,,0.85,train
captured,shoulder_press_shoulder_press_034,shoulder_press,282,309,0,,0.85,train
captured,shoulder_press_shoulder_press_037,shoulder_press,6,82,1,,0.85,train
captured,shoulder_press_shoulder_press_037,shoulder_press,83,149,1,,0.85,train
captured,shoulder_press_shoulder_press_037,shoulder_press,149,245,1,,0.85,train
captured,shoulder_press_shoulder_press_037,shoulder_press,246,349,1,,0.85,train
captured,shoulder_press_shoulder_press_037,shoulder_press,350,433,1,,0.85,train
captured,shoulder_press_shoulder_press_037,shoulder_press,532,562,1,,0.85,train
captured,shoulder_press_shoulder_press_038,shoulder_press,25,75,0,unstable legs,0.85,train
captured,shoulder_press_shoulder_press_038,shoulder_press,75,128,0,unstable legs,0.85,train
captured,shoulder_press_shoulder_press_038,shoulder_press,129,181,0,unstable legs,0.85,train
captured,shoulder_press_shoulder_press_038,shoulder_press,181,228,0,unstable legs,0.85,train
captured,shoulder_press_shoulder_press_038,shoulder_press,229,279,1,,0.85,train
captured,shoulder_press_shoulder_press_038,shoulder_press,279,331,1,,0.85,train
captured,shoulder_press_shoulder_press_038,shoulder_press,331,384,1,,0.85,train
captured,shoulder_press_shoulder_press_038,shoulder_press,384,434,1,,0.85,train
captured,shoulder_press_shoulder_press_038,shoulder_press,434,482,1,,0.85,train
captured,shoulder_press_shoulder_press_038,shoulder_press,482,531,1,,0.85,train
captured,shoulder_press_shoulder_press_039,shoulder_press,116,166,0,unstable legs,0.85,train
captured,shoulder_press_shoulder_press_039,shoulder_press,167,207,0,unstable legs,0.85,train
captured,shoulder_press_shoulder_press_039,shoulder_press,207,252,0,unstable legs,0.85,train
captured,shoulder_press_shoulder_press_039,shoulder_press,252,295,0,unstable legs,0.85,train
captured,shoulder_press_shoulder_press_039,shoulder_press,296,345,0,unstable legs,0.85,train
captured,shoulder_press_shoulder_press_039,shoulder_press,364,411,1,,0.85,train
captured,shoulder_press_shoulder_press_039,shoulder_press,411,463,1,,0.85,train
captured,shoulder_press_shoulder_press_039,shoulder_press,463,542,1,,0.85,train
captured,shoulder_press_shoulder_press_039,shoulder_press,638,675,1,,0.85,train
captured,triceps_triceps_001,triceps,8,65,0,unstable elbows,0.85,train
captured,triceps_triceps_001,triceps,65,124,0,unstable elbows,0.85,train
captured,triceps_triceps_001,triceps,124,199,0,unstable elbows,0.85,train
captured,triceps_triceps_001,triceps,199,260,0,unstable elbows,0.85,train
captured,triceps_triceps_001,triceps,272,372,1,,0.85,train
captured,triceps_triceps_001,triceps,373,464,1,,0.85,train
captured,triceps_triceps_001,triceps,464,557,1,,0.85,train
captured,triceps_triceps_001,triceps,558,650,1,,0.85,train
captured,triceps_triceps_001,triceps,650,734,1,,0.85,train
captured,triceps_triceps_001,triceps,742,825,1,,0.85,train
captured,triceps_triceps_002,triceps,18,74,0,unstable elbows,0.85,train
captured,triceps_triceps_002,triceps,75,132,0,unstable elbows,0.85,train
captured,triceps_triceps_002,triceps,132,206,0,unstable elbows,0.85,train
captured,triceps_triceps_002,triceps,207,267,0,unstable elbows,0.85,train
captured,triceps_triceps_002,triceps,282,381,1,,0.85,train
captured,triceps_triceps_002,triceps,382,472,1,,0.85,train
captured,triceps_triceps_002,triceps,473,566,1,,0.85,train
captured,triceps_triceps_002,triceps,566,658,1,,0.85,train
captured,triceps_triceps_002,triceps,659,749,1,,0.85,train
captured,triceps_triceps_002,triceps,750,837,1,,0.85,train
captured,triceps_triceps_003,triceps,101,148,0,unstable elbows,0.85,train
captured,triceps_triceps_003,triceps,148,208,0,unstable elbows,0.85,train
captured,triceps_triceps_003,triceps,209,271,0,unstable elbows,0.85,train
captured,triceps_triceps_003,triceps,271,336,0,unstable elbows,0.85,train
captured,triceps_triceps_003,triceps,336,404,0,unstable elbows,0.85,train
captured,triceps_triceps_003,triceps,404,462,0,unstable elbows,0.85,train
captured,triceps_triceps_003,triceps,503,560,1,,0.85,train
captured,triceps_triceps_003,triceps,560,620,1,,0.85,train
captured,triceps_triceps_003,triceps,620,684,1,,0.85,train
captured,triceps_triceps_003,triceps,685,747,1,,0.85,train
captured,triceps_triceps_003,triceps,748,815,1,,0.85,train
captured,triceps_triceps_003,triceps,815,885,1,,0.85,train
captured,triceps_triceps_003,triceps,885,960,1,,0.85,train
captured,triceps_triceps_003,triceps,961,1012,1,,0.85,train
captured,triceps_triceps_003,triceps,1012,1051,1,,0.85,train
captured,triceps_triceps_004,triceps,181,225,0,unstable elbows,0.85,val
captured,triceps_triceps_004,triceps,225,287,0,unstable elbows,0.85,val
captured,triceps_triceps_004,triceps,287,355,0,unstable elbows,0.85,val
captured,triceps_triceps_004,triceps,421,482,1,,0.85,val
captured,triceps_triceps_004,triceps,483,543,1,,0.85,val
captured,triceps_triceps_004,triceps,543,606,1,,0.85,val
captured,triceps_triceps_004,triceps,607,669,1,,0.85,val
captured,triceps_triceps_004,triceps,670,738,1,,0.85,val
captured,triceps_triceps_004,triceps,738,808,1,,0.85,val
captured,triceps_triceps_004,triceps,808,882,1,,0.85,val
captured,triceps_triceps_004,triceps,882,969,1,,0.85,val
captured,triceps_triceps_005,triceps,4,49,0,unstable elbows,0.85,train
captured,triceps_triceps_005,triceps,49,109,0,unstable elbows,0.85,train
captured,triceps_triceps_005,triceps,109,202,0,unstable elbows,0.85,train
captured,triceps_triceps_005,triceps,211,260,0,unstable elbows,0.85,train
captured,triceps_triceps_005,triceps,260,301,1,,0.85,train
captured,triceps_triceps_005,triceps,301,342,1,,0.85,train
captured,triceps_triceps_005,triceps,342,384,1,,0.85,train
captured,triceps_triceps_005,triceps,384,427,1,,0.85,train
captured,triceps_triceps_005,triceps,427,472,1,,0.85,train
captured,triceps_triceps_005,triceps,472,517,1,,0.85,train
captured,triceps_triceps_005,triceps,517,563,1,,0.85,train
captured,triceps_triceps_005,triceps,563,613,1,,0.85,train
captured,triceps_triceps_006,triceps,149,181,0,unstable elbows,0.85,val
captured,triceps_triceps_006,triceps,344,392,0,unstable elbows,0.85,val
captured,triceps_triceps_006,triceps,393,433,1,,0.85,val
captured,triceps_triceps_006,triceps,433,475,1,,0.85,val
captured,triceps_triceps_006,triceps,475,516,1,,0.85,val
captured,triceps_triceps_006,triceps,517,559,1,,0.85,val
captured,triceps_triceps_006,triceps,559,604,1,,0.85,val
captured,triceps_triceps_006,triceps,604,649,1,,0.85,val
captured,triceps_triceps_006,triceps,650,696,1,,0.85,val
captured,triceps_triceps_006,triceps,696,749,1,,0.85,val
captured,triceps_triceps_007,triceps,17,57,0,unstable elbows,0.85,val
captured,triceps_triceps_007,triceps,58,111,0,unstable elbows,0.85,val
captured,triceps_triceps_007,triceps,112,161,0,unstable elbows,0.85,val
captured,triceps_triceps_007,triceps,162,203,0,unstable elbows,0.85,val
captured,triceps_triceps_007,triceps,216,264,0,unstable elbows,0.85,val
captured,triceps_triceps_007,triceps,274,316,1,,0.85,val
captured,triceps_triceps_007,triceps,316,355,1,,0.85,val
captured,triceps_triceps_007,triceps,355,393,1,,0.85,val
captured,triceps_triceps_007,triceps,393,430,1,,0.85,val
captured,triceps_triceps_007,triceps,430,467,1,,0.85,val
captured,triceps_triceps_007,triceps,467,507,1,,0.85,val
captured,triceps_triceps_007,triceps,508,551,1,,0.85,val
captured,triceps_triceps_007,triceps,551,590,1,,0.85,val
captured,triceps_triceps_007,triceps,591,630,1,,0.85,val
captured,triceps_triceps_007,triceps,630,667,1,,0.85,val
captured,triceps_triceps_009,triceps,168,204,0,half reps,0.85,val
captured,triceps_triceps_009,triceps,204,236,0,half reps,0.85,val
captured,triceps_triceps_009,triceps,237,278,0,half reps,0.85,val
captured,triceps_triceps_009,triceps,304,352,0,,0.85,val
captured,triceps_triceps_009,triceps,437,490,1,,0.85,val
captured,triceps_triceps_009,triceps,490,536,1,,0.85,val
captured,triceps_triceps_009,triceps,537,594,1,,0.85,val
captured,triceps_triceps_009,triceps,594,650,1,,0.85,val
captured,triceps_triceps_009,triceps,650,704,1,,0.85,val
captured,triceps_triceps_009,triceps,705,755,1,,0.85,val
captured,triceps_triceps_009,triceps,755,808,1,,0.85,val
captured,triceps_triceps_009,triceps,808,855,1,,0.85,val
captured,triceps_triceps_009,triceps,855,903,1,,0.85,val
captured,triceps_triceps_009,triceps,904,952,1,,0.85,val
captured,triceps_triceps_009,triceps,952,998,1,,0.85,val
captured,triceps_triceps_009,triceps,998,1044,1,,0.85,val
captured,triceps_triceps_009,triceps,1044,1092,1,,0.85,val
captured,triceps_triceps_009,triceps,1093,1141,1,,0.85,val
captured,triceps_triceps_009,triceps,1142,1192,1,,0.85,val
captured,triceps_triceps_009,triceps,1192,1249,1,,0.85,val
captured,triceps_triceps_009,triceps,1250,1295,1,,0.85,val
captured,triceps_triceps_010,triceps,0,55,0,half reps,0.85,train
captured,triceps_triceps_010,triceps,55,119,0,half reps,0.85,train
captured,triceps_triceps_010,triceps,119,200,0,half reps,0.85,train
captured,triceps_triceps_010,triceps,269,381,0,half reps,0.85,train
captured,triceps_triceps_010,triceps,522,627,1,,0.85,train
captured,triceps_triceps_010,triceps,627,718,1,,0.85,train
captured,triceps_triceps_010,triceps,718,835,1,,0.85,train
captured,triceps_triceps_010,triceps,836,947,1,,0.85,train
captured,triceps_triceps_010,triceps,948,1055,1,,0.85,train
captured,triceps_triceps_010,triceps,1056,1156,1,,0.85,train
captured,triceps_triceps_010,triceps,1157,1263,1,,0.85,train
captured,triceps_triceps_010,triceps,1264,1358,1,,0.85,train
captured,triceps_triceps_010,triceps,1359,1453,1,,0.85,train
captured,triceps_triceps_010,triceps,1454,1496,1,,0.85,train
captured,triceps_triceps_010,triceps,1496,1551,1,,0.85,train
captured,triceps_triceps_010,triceps,1551,1642,1,,0.85,train
captured,triceps_triceps_010,triceps,1643,1682,1,,0.85,train
captured,triceps_triceps_010,triceps,1682,1735,1,,0.85,train
captured,triceps_triceps_010,triceps,1735,1832,1,,0.85,train
captured,triceps_triceps_010,triceps,1832,1929,1,,0.85,train
captured,triceps_triceps_010,triceps,1931,2030,1,,0.85,train
captured,triceps_triceps_010,triceps,2031,2145,1,,0.85,train
captured,triceps_triceps_010,triceps,2145,2241,1,,0.85,train
captured,triceps_triceps_011,triceps,64,118,0,unstable elbows,0.85,train
captured,triceps_triceps_011,triceps,275,338,1,,0.85,train
captured,triceps_triceps_011,triceps,338,406,1,,0.85,train
captured,triceps_triceps_011,triceps,407,474,1,,0.85,train
captured,triceps_triceps_011,triceps,475,546,1,,0.85,train
captured,triceps_triceps_011,triceps,546,611,1,,0.85,train
captured,triceps_triceps_011,triceps,611,709,1,,0.85,train
captured,triceps_triceps_011,triceps,709,769,1,,0.85,train
captured,triceps_triceps_012,triceps,149,171,0,unstable elbows,0.85,train
captured,triceps_triceps_012,triceps,255,414,1,,0.85,train
captured,triceps_triceps_012,triceps,492,594,1,,0.85,train
captured,triceps_triceps_012,triceps,594,701,1,,0.85,train
captured,triceps_triceps_012,triceps,701,734,1,,0.85,train
captured,triceps_triceps_013,triceps,175,212,1,,0.85,test
captured,triceps_triceps_013,triceps,212,252,1,,0.85,test
captured,triceps_triceps_013,triceps,252,296,1,,0.85,test
captured,triceps_triceps_013,triceps,296,343,1,,0.85,test
captured,triceps_triceps_013,triceps,344,393,1,,0.85,test
captured,triceps_triceps_013,triceps,393,443,1,,0.85,test
captured,triceps_triceps_013,triceps,443,493,1,,0.85,test
captured,triceps_triceps_013,triceps,493,534,1,,0.85,test
captured,triceps_triceps_013,triceps,534,572,1,,0.85,test
captured,triceps_triceps_014,triceps,0,66,0,unstable elbows,0.85,train
captured,triceps_triceps_014,triceps,67,121,0,unstable elbows,0.85,train
captured,triceps_triceps_014,triceps,122,167,0,unstable elbows,0.85,train
captured,triceps_triceps_014,triceps,167,204,1,,0.85,train
captured,triceps_triceps_014,triceps,204,244,1,,0.85,train
captured,triceps_triceps_014,triceps,244,288,1,,0.85,train
captured,triceps_triceps_014,triceps,289,335,1,,0.85,train
captured,triceps_triceps_014,triceps,335,384,1,,0.85,train
captured,triceps_triceps_014,triceps,384,413,1,,0.85,train
captured,triceps_triceps_014,triceps,435,463,1,,0.85,train
captured,triceps_triceps_014,triceps,485,526,1,,0.85,train
captured,triceps_triceps_014,triceps,526,563,1,,0.85,train
captured,triceps_triceps_016,triceps,88,112,0,unstable elbows,0.85,train
captured,triceps_triceps_016,triceps,112,155,0,unstable elbows,0.85,train
captured,triceps_triceps_016,triceps,155,211,0,unstable elbows,0.85,train
captured,triceps_triceps_016,triceps,211,268,1,,0.85,train
captured,triceps_triceps_016,triceps,268,329,1,,0.85,train
captured,triceps_triceps_016,triceps,329,395,1,,0.85,train
captured,triceps_triceps_016,triceps,395,451,1,,0.85,train
captured,triceps_triceps_016,triceps,452,509,1,,0.85,train
captured,triceps_triceps_016,triceps,510,569,1,,0.85,train
captured,triceps_triceps_016,triceps,569,627,1,,0.85,train
captured,triceps_triceps_017,triceps,57,100,0,unstable elbows,0.85,val
captured,triceps_triceps_017,triceps,101,155,0,unstable elbows,0.85,val
captured,triceps_triceps_017,triceps,155,212,1,,0.85,val
captured,triceps_triceps_017,triceps,212,273,1,,0.85,val
captured,triceps_triceps_017,triceps,273,339,1,,0.85,val
captured,triceps_triceps_017,triceps,339,394,1,,0.85,val
captured,triceps_triceps_017,triceps,395,418,1,,0.85,val
captured,triceps_triceps_017,triceps,418,453,1,,0.85,val
captured,triceps_triceps_017,triceps,454,513,1,,0.85,val
captured,triceps_triceps_017,triceps,513,566,1,,0.85,val
captured,triceps_triceps_018,triceps,56,101,0,unstable body,0.85,test
captured,triceps_triceps_018,triceps,102,152,0,unstable body,0.85,test
captured,triceps_triceps_018,triceps,152,210,0,unstable body,0.85,test
captured,triceps_triceps_018,triceps,230,263,0,unstable body,0.85,test
captured,triceps_triceps_018,triceps,263,317,0,unstable body,0.85,test
captured,triceps_triceps_018,triceps,320,361,1,,0.85,test
captured,triceps_triceps_018,triceps,362,403,1,,0.85,test
captured,triceps_triceps_018,triceps,404,445,1,,0.85,test
captured,triceps_triceps_018,triceps,445,486,1,,0.85,test
captured,triceps_triceps_018,triceps,486,528,1,,0.85,test
captured,triceps_triceps_018,triceps,528,565,1,,0.85,test
captured,triceps_triceps_018,triceps,565,602,1,,0.85,test
captured,triceps_triceps_018,triceps,602,638,1,,0.85,test
captured,triceps_triceps_018,triceps,639,677,1,,0.85,test
captured,triceps_triceps_018,triceps,677,720,1,,0.85,test
captured,triceps_triceps_018,triceps,720,753,1,,0.85,test
captured,triceps_triceps_019,triceps,0,46,0,unstable body,0.85,test
captured,triceps_triceps_019,triceps,46,89,0,unstable body,0.85,test
captured,triceps_triceps_019,triceps,89,125,0,unstable body,0.85,test
captured,triceps_triceps_019,triceps,125,159,0,unstable body,0.85,test
captured,triceps_triceps_019,triceps,159,204,0,unstable body,0.85,test
captured,triceps_triceps_019,triceps,205,257,1,,0.85,test
captured,triceps_triceps_019,triceps,257,299,1,,0.85,test
captured,triceps_triceps_019,triceps,299,341,1,,0.85,test
captured,triceps_triceps_019,triceps,341,382,1,,0.85,test
captured,triceps_triceps_019,triceps,382,423,1,,0.85,test
captured,triceps_triceps_019,triceps,423,460,1,,0.85,test
captured,triceps_triceps_019,triceps,461,498,1,,0.85,test
captured,triceps_triceps_019,triceps,498,534,1,,0.85,test
captured,triceps_triceps_019,triceps,535,573,1,,0.85,test
captured,triceps_triceps_019,triceps,573,618,1,,0.85,test
captured,triceps_triceps_020,triceps,75,130,0,unstable elbows,0.85,train
captured,triceps_triceps_020,triceps,168,204,0,unstable elbows,0.85,train
captured,triceps_triceps_020,triceps,204,246,0,unstable elbows,0.85,train
captured,triceps_triceps_020,triceps,288,352,0,unstable elbows,0.85,train
captured,triceps_triceps_020,triceps,352,413,0,unstable elbows,0.85,train
captured,triceps_triceps_020,triceps,413,463,0,unstable elbows,0.85,train
captured,triceps_triceps_020,triceps,479,528,0,unstable elbows,0.85,train
captured,triceps_triceps_020,triceps,576,609,1,,0.85,train
captured,triceps_triceps_020,triceps,609,640,1,,0.85,train
captured,triceps_triceps_020,triceps,640,673,1,,0.85,train
captured,triceps_triceps_020,triceps,673,707,1,,0.85,train
captured,triceps_triceps_020,triceps,707,744,1,,0.85,train
captured,triceps_triceps_020,triceps,744,780,1,,0.85,train
captured,triceps_triceps_020,triceps,780,820,1,,0.85,train
captured,triceps_triceps_020,triceps,820,863,1,,0.85,train
captured,triceps_triceps_020,triceps,864,908,1,,0.85,train
captured,triceps_triceps_020,triceps,909,962,1,,0.85,train
captured,triceps_triceps_020,triceps,962,1003,1,,0.85,train
captured,triceps_triceps_020,triceps,1003,1052,1,,0.85,train
captured,triceps_triceps_021,triceps,19,78,0,unstable elbows,0.85,train
captured,triceps_triceps_021,triceps,78,139,0,unstable elbows,0.85,train
captured,triceps_triceps_021,triceps,139,183,0,unstable elbows,0.85,train
captured,triceps_triceps_021,triceps,185,233,0,unstable elbows,0.85,train
captured,triceps_triceps_021,triceps,234,291,0,unstable elbows,0.85,train
captured,triceps_triceps_021,triceps,291,353,1,,0.85,train
captured,triceps_triceps_021,triceps,353,413,1,,0.85,train
captured,triceps_triceps_021,triceps,414,472,1,,0.85,train
captured,triceps_triceps_021,triceps,473,576,1,,0.85,train
captured,triceps_triceps_021,triceps,576,651,1,,0.85,train
captured,triceps_triceps_021,triceps,652,726,1,,0.85,train
captured,triceps_triceps_021,triceps,727,810,1,,0.85,train
captured,triceps_triceps_021,triceps,811,884,1,,0.85,train
captured,triceps_triceps_021,triceps,885,945,1,,0.85,train
